{"Loss":0.3574472761247307,"_wandb":{"runtime":8},"_runtime":8,"epoch":0,"_timestamp":1.7574743177255924e+09,"_step":0}