{"_wandb":{"runtime":1591},"_runtime":1591,"Loss":0.03020314875175245,"epoch":211,"_timestamp":1.7574763314676566e+09,"_step":211}